{
  "harmful": [
    0.9986772537231445,
    0.9958217740058899,
    0.4433532655239105,
    0.9954950213432312,
    0.9946837425231934,
    0.9953640699386597,
    0.8593835234642029,
    0.8517157435417175,
    0.9954106211662292,
    0.9986191391944885
  ],
  "medical": [
    0.9208841919898987,
    0.8692960739135742,
    0.9085087776184082,
    0.9409963488578796,
    0.9286068081855774,
    0.9455592632293701,
    0.9346202611923218,
    0.9295988082885742,
    0.9057325124740601,
    0.9340156316757202
  ],
  "legal": [
    0.9306408762931824,
    0.9278784990310669,
    0.953211784362793,
    0.8723338842391968,
    0.9601048231124878,
    0.9304643869400024,
    0.9305866360664368,
    0.9575735926628113,
    0.9355156421661377,
    0.9185553789138794
  ]
}